price,note
26.27,
29.97,
18.67,
56.69,
14.0,
14.0,
14.99,
12.0,
10.99,
83.61,
83.41,
42.0,
24.74,
33.11,
10.99,
19.98,
63.0$11.50,
63.0$11.50,
16.49,
41.8,
89.31,
47.98$6.00,
98.5$6.00,
62.0$11.50,
56.99,
21.99,
71.44,
79.92,
14.03,
18.98,
25.88,
61.92,
15.64,
22.99,
47.99,
19.99,
104.5$8.00,
120.0,
37.99,
41.99,
15.82,
115.8,
,
100.98$4.00,
15.99,
19.9,
130.99,
59.0$11.50,
75.95,
159.39$6.95,
19.99,
25.5,
85.11$6.95,
51.86,
,
95.0,
,
45.99,
,
34.99GBP 18.80,
15.6,
27.98,
22.4,
36.47,
70.27EUR 24.00,
14.93,
17.88,
45.99,
48.99,
52.93,
48.94,
36.99,
33.84EUR 10.00,
59.99,
69.99,
65.99,
39.98,
121.38,
21.95C $6.84,
63.02,
,
40.37,
15.0,
112.25,
,
42.69,
12.2,
30.69,
15.99,
14.95,
62.46,
13.44,
14.0,
13.87,
35.13,
19.99GBP 2.00,
19.99,
28.58,
28.99,
15.0,
13.0,
14.0,
28.56,
12.49,
13.85,
114.99,
68.9,
32.96,
19.04,
38.46,
38.36,
12.06$9.95,
14.98,
24.81,
45.0$9.00,
20.24,
7.99,
47.05,
51.51,
48.12,
15.0,
53.7,
10.23,
50.0,
85.52,
26.33,
31.24,
18.69,
15.94,
17.85,
14.13$6.48,
14.14,
19.75,
5.99$2.00,
10.0,
9.99,
9.9,
14.0,
10.99,
9.73,
15.99,
9.99,
,
11.9,
19.99,
239.97,
12.42,
64.49,
20.95,
69.99$9.20,
56.25,
159.44$6.50,
90.0,
197.97,
,
273.11,
504.99,
84.3,
197.26$12.95,
85.0,
71.98,
30.0$9.00,
69.95,
26.24EUR 30.00,
18.99GBP 1.90,
18.99GBP 1.90,
146.91,
38.27EUR 30.00,
90.23,
86.81,
90.06,
93.82,
80.3,
90.48,
,
12.88,
10.95,
74.83,
15.99$4.00,
14.0,
13.2,
,
20.0,
20.0,
28.95GBP 25.95,
13.99,
224.09,
224.31,
55.77,
36.25$5.20,
34.74$5.20,
34.81$5.20,
,
26.58,
40.05$8.00,
54.71,
55.0,
55.0,
28.85,
29.99,
20.88,
20.99,
32.8,
29.8,
,
14.3,
57.55,
338.31,
219.24,
277.31,
344.57,
333.36,
29.88,
29.94,
28.4,
12.75,
11.99,
20.7,
11.21,
12.4,
11.88,
11.58,
388.41,
48.3,
29.95,
25.2,
27.8,
15.89,
23.8,
28.99,
19.0,
15.0,
48.95,
15.0,
29.48,
120.0$25.00,
19.0,
13.99,
15.65,
270.78,
,
285.14,
168.07,
14.43,
164.57,
19.5$4.00,
28.5$6.00,
63.0,
63.0,
23.99,
30.0,
120.0$1.95,
44.99,
152.1,
45.99,
13.85,
14.38,
6.97,
149.99,
19.99,
25.0,
35.0,
10.89,
18.0,
11.75,
14.9,
31.36,
139.94$29.39,
39.9,
55.48,
,
13.64,
23.45,
99.94,
28.0,
,
37.73,
39.98,
36.43,
37.95GBP 25.95,
27.89,
9.79,
164.57,
28.0,
410.63,
27.0,
13.08,
13.99,
12.09,
60.0,
36.0,
35.98,
22.55,
10.99,
27.99,
19.8,
26.98,
17.95,
12.99,
29.0$16.00,
,
,
13.99,
13.0,
39.95,
38.85,
27.9,
30.9,
23.0,
20.0,
14.99,
14.0,
26.0,
15.0,
14.2,
142.44,
140.33,
14.5,
29.88,
,
13.55,
23.0,
192.65,
25.0,
25.0,
23.0,
,
13.49,
157.01,
20.87,
157.01,
30.0,
13.0,
13.98,
9.94,
198.0,
115.0,
15.0,
11.0,
10.8,
22.99,
30.0,
30.0,
315.3,
39.0,
186.46,
34.9,
12.99,
14.99,
18.99,
11.99,
18.85,
20.99,
9.5,
33.0,
43.0,
11.77,
11.97,
11.28,
12.99,
11.9,
12.11,
17.99,
33.34$11.04,
341.44,
183.93,
,
49.99,
99.95,
62.62,
130.79$12.24,
134.95$12.24,
109.0,
15.0,
183.3,
183.3,
125.0,
206.7,
39.97,
39.96,
186.3,
201.9,
18.2,
36.0,
75.0,
35.0,
17.99,
15.7,
130.79$12.24,
27.1,
26.9,
19.58,
193.0,
12.5,
29.99,
125.0,
11.5,
18.6,
41.66,
39.14,
15.18,
15.18,
22.0,
22.0,
35.98,
30.95,
143.0$6.65,
213.34,
231.07,
229.95,
18.0,
13.18,
17.0,
37.59,
12.0,
13.04,
144.16$28.96,
148.76$23.12,
34.99,
24.53,
26.9,
22.58$12.24,
28.95,
,
22.63,
19.99,
17.99,
18.0,
,
27.95,
15.5,
20.0,
13.97,
13.6,
16.99GBP 1.70,
16.99GBP 1.70,
,
185.84,
19.99GBP 2.00,
,
11.68,
19.54$6.00,
,
11.98,
13.4,
15.0,
15.0,
14.5,
13.57,
98.98,
16.99,
67.69,
66.78,
108.9,
108.9,
18.92,
64.63,
68.09,
37.37,
,
25.85,
10.72,
16.66,
46.43,
32.0,
26.46,
20.0,
26.81,
30.16,
30.0GBP 7.00,
30.0GBP 7.00,
32.0,
0.99$9.99,
147.24,
147.24,
18.5,
,
11.0,
11.0,
11.0,
11.0,
60.0,
,
10.0,
10.0,
110.99,
9.0,
59.0,
62.99,
,
,
39.09,
10.98,
35.0,
,
22.0,
24.31,
22.0,
45.0,
31.94,
19.99,
,
,
23.9,
18.99,
24.97,
16.95,
16.98,
15.74,
14.22,
30.16,
34.62,
34.62,
12.45,
42.93,
24.99GBP 2.99,
19.9,
30.87,
37.0,
44.3,
40.0,
16.9,
45.83,
45.0,
,
148.57,
148.57,
10.99,
10.99,
,
10.0,
32.0,
29.0,
57.27,
35.0,
30.63,
30.63,
12.5,
99.99,
12.5,
12.5,
36.0,
29.0,
16.0,
26.98,
10.0,
10.0,
35.96,
9.99,
131.5,
130.0,
26.47,
22.9,
19.15,
9.99,
13.88,
134.82,
14.99,
134.82,
12.32,
22.75,
13.86,
22.0,
22.98,
10.75,
