price,note,oem
N/A,,57470-SXS-003 57475-SXS-013
N/A,,57455-SWY-003
unknown,unknown,57470-S9A-013
unknown,unknown,57475-S9A-013
unknown,unknown,57450-S9A-013
unknown,unknown,57455-S9A-013
N/A,,57470-SEN-H01
N/A,,57475-SEN-H01
N/A,,57450-SEN-H01
N/A,,57455-SEN-H01
unknown,unknown,57455-S84-A52 57455-S4K-A52
23.95,non-US,57475-SXS-003
15.00,,57450-SXS-003
19.99,non-US,57455-SXS-003
26.01,non-US,57470-SWA-013
10.00,non-US,57470-SWA-003
unknown,unknown,57475-SWA-003 57475-SWA-013
10.87,,57450-SWA-003 57450-SWA-013
unknown,unknown,57455-SWA-003 57455-SWA-013
36.00,non-US,57470-SLN-A01
29.00,non-US,57475-SLN-A01
16.00,non-US,57450-SLN-A01
19.95,non-US,57455-SLN-A01
10.00,non-US,57470-TF0-003
10.00,non-US,57475-TF0-013
12.50,non-US,57450-TF0-003
9.00,non-US,57455-TF0-003
25.00,non-US,57470-SDR-A01
129.99,,57475-SDR-A01
unknown,unknown,57470-TA0-A02 57470-TL1-G01
10.00,non-US,57450-TA0-A01
10.00,non-US,57455-TA0-A01
63.00,,2025403317
63.00,,2025403217
11.50,,1705400917 5099908AA
unknown,unknown,1635400817
unknown,unknown,1635400717
N/A,,21054007172105401017
unknown,unknown,1705400817 5099909AA
89.31,,2025401317
49.99,,2025401217
47.98,non-US,2025402117
98.50,non-US,2025402017
62.00,,1705400517
56.99,,1705400417
21.99,,2025402417
N/A,,2205400417 2215400317
unknown,unknown,2205400117
N/A,,1645400717 1644405641
21.99,,2025402317
unknown,unknown,1645400917
10.79,,1635401117
9.98,,1635401017
12.69,non-US,2105400617
10.77,non-US,2105409108
13.99,non-US,2105409008
N/A,,2045400117   2115400317
unknown,unknown,2205400517 2205401817
22.98,,2215400117
22.83,,2215400317
19.99,,2305401117 2305401217 2305401617
104.50,non-US,2305401317 2305401517 2305401917
88.00,,2305400717
13.99,non-US,2035401417
11.99,non-US,2035401317
unknown,unknown,2115401217 2115402417 2115403017
unknown,unknown,2115402317 2115402917
N/A,,BJ32-2B372-CC
N/A,,BJ32-2B372-AD
29.99,non-US,1715400217
29.99,non-US,1715400117
15.99,non-US,2035400417
19.90,non-US,2045400317
N/A,,"30682478, 306824780, 86342380,8634238"
58.00,,2125402117
130.99,,2125400517
33.99,non-US,2045401317
39.29,,2045400517
unknown,unknown,"SSB500102  
SSB500100"
unknown,unknown,"SSB500090, SSB500091, SSB500092"
10.56,,SSB500133
40.98,non-US,LR013783
45.99,,LR001057
N/A,,"9459066 
9472171"
N/A,,"9496420 
94964200 
9459256 
9472170"
39.95,,LR001056
N/A,,"30682479
306824790 
307737370
30773737
8634237"
N/A,,"30748149 
307481490"
29.88,,SSF500021
14.50,,SSF500011
45.99,,BJ32-2B372-BC
N/A,,"9475557 
94755570"
unknown,unknown,"30773743 
307737430
3524257"
unknown,unknown,"30773742 
307737420 
3524256"
unknown,unknown,"30773740 
307737400
9467580"
unknown,unknown,"30773738 
307737380 
9496961"
unknown,unknown,"30773745 
307737450 
8634248 
86342480"
unknown,unknown,"30773744 
307737440 
30773744 
86342470"
unknown,unknown,"30712095 
30773741"
46.00,,30736634
48.94,,30736895
unknown,unknown,52125003AB
unknown,unknown,"30648986, 30793635, 307936350, 31274612, 312746120"
59.99,,56027728
69.99,,56027729
65.99,,56027727
39.98,,5142770AA
117.76,,5175787AA
N/A,,056029338AB 056029338AD
N/A,,056029339AB 056029339AD
1.95,non-US,5179958AA 5179958AB
57.22,,5179964AA
16.62,non-US,56041308AA
17.58,non-US,56041509AA
unknown,unknown,05154230AC 05154230AD
unknown,unknown,56029447AF 56029447AE
101.56,,68034708AA
unknown,unknown,52122426AB 52122426AC 52122426AA
unknown,unknown,52122425AC 52122425AB
9.95,non-US,5015882AA
unknown,unknown,56044146AB 56044146AA
unknown,unknown,56044144AA 56044144AD
14.95,,52060156AD
49.31,,68020488AA
unknown,unknown,05105573AA
14.00,,68003281AA 68003281AC
unknown,unknown,05105064AA 05105064AB
